Average Download Speed,Average Upload Speed,Completion Time
19.24515523234651,10.822525046177422,9.977490688374695
