Average Download Speed,Average Upload Speed,Completion Time
18.999653330138592,8.892145777604618,10.755849733505187
