Average Download Speed,Average Upload Speed,Completion Time
17.768002818019433,9.164428637386969,11.138986856672318
