Average Download Speed,Average Upload Speed,Completion Time
18.100580584868666,9.104356370484187,11.02741022676665
